{"info":{"_postman_id":"df07a48b-5ea6-4bb9-9aed-b6aa3b71f04f","name":"Asana Clone","schema":"https://schema.getpostman.com/json/collection/v2.1.0/collection.json"},"item":[{"name":"Users","item":[{"name":"Create","event":[{"listen":"test","script":{"id":"c8f1c5be-9aba-4350-a30b-9baab0570206","exec":["pm.test(\"Status code is 201\", function () {\r","    pm.response.to.have.status(201);\r","});\r","var jsonData = JSON.parse(responseBody);\r","pm.environment.set(\"userID\", jsonData._id);"],"type":"text/javascript"}},{"listen":"prerequest","script":{"id":"ba19f7df-bc49-44c9-8bbd-4c258677de51","exec":["let userName = pm.variables.replaceIn(\"{{$randomFirstName}}\");\r","let userEmail = pm.variables.replaceIn(\"{{$randomEmail}}\");\r","let userPass = pm.variables.replaceIn(\"{{$randomPassword}}\");\r","\r","let requestBody = {\r","    \"fullname\": `${userName}`,\r","    \"password\": `${userPass}`,\r","    \"email\": `${userEmail}`\r","};\r","\r","pm.environment.set(\"userName\", `${userName}`);\r","pm.environment.set(\"userEmail\", `${userEmail}`);\r","pm.environment.set(\"userPass\", `${userPass}`);\r","pm.variables.set(\"requestBody\", JSON.stringify(requestBody)); \r",""],"type":"text/javascript"}}],"id":"53eae757-8758-4d60-a2fc-c7dd76e5bd2f","protocolProfileBehavior":{"disableBodyPruning":true},"request":{"auth":{"type":"noauth"},"method":"POST","header":[],"body":{"mode":"raw","raw":"{{requestBody}}","options":{"raw":{"language":"json"}}},"url":{"raw":"{{URL}}:{{PORT}}/users/","host":["{{URL}}"],"port":"{{PORT}}","path":["users",""]}},"response":[]},{"name":"Login","event":[{"listen":"test","script":{"id":"5c8c8e1b-8c1d-49a6-a0ad-e5ac43ff1948","exec":["pm.test(\"Status code is 200\", function () {\r","    pm.response.to.have.status(200);\r","});\r","var jsonData = JSON.parse(responseBody);\r","pm.environment.set(\"accessToken\", jsonData.token.accessToken);\r","pm.environment.set(\"refreshToken\", jsonData.token.refreshToken);"],"type":"text/javascript"}}],"id":"29cd76e7-4cee-4eab-bab3-0489e2521795","protocolProfileBehavior":{"disableBodyPruning":true},"request":{"auth":{"type":"noauth"},"method":"POST","header":[],"body":{"mode":"raw","raw":"{\r\n    \"password\": \"{{userPass}}\",\r\n    \"email\": \"{{userEmail}}\"\r\n}","options":{"raw":{"language":"json"}}},"url":{"raw":"{{URL}}:{{PORT}}/users/login","host":["{{URL}}"],"port":"{{PORT}}","path":["users","login"]}},"response":[]},{"name":"Password Change","event":[{"listen":"test","script":{"id":"cf13ec39-820e-440c-beb4-13003e2b1cde","exec":["pm.test(\"Status code is 200\", function () {\r","    pm.response.to.have.status(200);\r","});"],"type":"text/javascript"}},{"listen":"prerequest","script":{"id":"1b2cbd12-4743-4784-8086-642b3879f502","exec":[""],"type":"text/javascript"}}],"id":"512a15b0-cfac-44d7-a136-3b58576db3d9","protocolProfileBehavior":{"disableBodyPruning":true},"request":{"method":"PATCH","header":[],"body":{"mode":"raw","raw":"{\r\n    \"password\" : \"{{$randomPassword}}\"\r\n}","options":{"raw":{"language":"json"}}},"url":{"raw":"{{URL}}:{{PORT}}/users/change-password","host":["{{URL}}"],"port":"{{PORT}}","path":["users","change-password"]}},"response":[]},{"name":"Password Reset","event":[{"listen":"test","script":{"id":"a791ce56-84eb-48e4-8339-3a4897247189","exec":["pm.test(\"Status code is 200\", function () {\r","    pm.response.to.have.status(200);\r","});"],"type":"text/javascript"}}],"id":"686c352d-db6b-4e8f-9366-6808609aca7c","protocolProfileBehavior":{"disableBodyPruning":true},"request":{"method":"POST","header":[],"body":{"mode":"raw","raw":"{\r\n    \"email\" : \"{{userEmail}}\"\r\n}","options":{"raw":{"language":"json"}}},"url":{"raw":"{{URL}}:{{PORT}}/users/reset-password","host":["{{URL}}"],"port":"{{PORT}}","path":["users","reset-password"]}},"response":[]},{"name":"Update","event":[{"listen":"test","script":{"id":"a444f623-d6dc-4e7f-898e-329b162e535f","exec":["pm.test(\"Status code is 200\", function () {\r","    pm.response.to.have.status(200);\r","});"],"type":"text/javascript"}}],"id":"120dac76-0239-40bc-9292-ee5afba15e98","protocolProfileBehavior":{"disableBodyPruning":true},"request":{"method":"PATCH","header":[],"body":{"mode":"raw","raw":"{\r\n    \"email\" : \"{{$randomEmail}}\",\r\n    \"fullname\" : \"{{$randomFullName}}\"\r\n}","options":{"raw":{"language":"json"}}},"url":{"raw":"{{URL}}:{{PORT}}/users","host":["{{URL}}"],"port":"{{PORT}}","path":["users"]}},"response":[]},{"name":"Upload Picture","event":[{"listen":"test","script":{"id":"9bd45f99-e9a9-4660-9cdb-b3092d8bbe78","exec":["pm.test(\"Status code is 200\", function () {\r","    pm.response.to.have.status(200);\r","});"],"type":"text/javascript"}}],"id":"c35a16d4-2d6c-4870-8d1d-fba62860a133","protocolProfileBehavior":{"disableBodyPruning":true},"request":{"method":"POST","header":[],"body":{"mode":"formdata","formdata":[{"key":"picture","type":"text","value":"{{$randomAvatarImage}}"}]},"url":{"raw":"{{URL}}:{{PORT}}/users/upload-picture","host":["{{URL}}"],"port":"{{PORT}}","path":["users","upload-picture"]}},"response":[]}],"id":"66f23b86-bc93-4c67-ae4f-1ef60494dde0"},{"name":"Projects","item":[{"name":"Create","event":[{"listen":"test","script":{"id":"154c97c9-4dc3-4baa-8344-8af3d82c9b1f","exec":["pm.test(\"Status code is 201\", function () {\r","    pm.response.to.have.status(201);\r","});\r","var jsonData = JSON.parse(responseBody);\r","pm.environment.set(\"new_projectID\", jsonData._id);"],"type":"text/javascript"}}],"id":"dcdf3866-4098-4346-b9ae-2f32108a3425","protocolProfileBehavior":{"disableBodyPruning":true},"request":{"method":"POST","header":[],"body":{"mode":"raw","raw":"{\r\n    \"name\" : \"Test Project #1\"\r\n}","options":{"raw":{"language":"json"}}},"url":{"raw":"{{URL}}:{{PORT}}/projects","host":["{{URL}}"],"port":"{{PORT}}","path":["projects"]}},"response":[]},{"name":"Read","event":[{"listen":"test","script":{"id":"2842e13b-366a-4151-8af7-dff676a476dd","exec":["pm.test(\"Status code is 200\", function () {\r","    pm.response.to.have.status(200);\r","});"],"type":"text/javascript"}}],"id":"d77927e3-2053-4f67-beaf-445291a6c2d4","protocolProfileBehavior":{"disableBodyPruning":true},"request":{"method":"GET","header":[],"url":{"raw":"{{URL}}:{{PORT}}/projects/","host":["{{URL}}"],"port":"{{PORT}}","path":["projects",""]}},"response":[]},{"name":"Update","event":[{"listen":"test","script":{"id":"5a711311-35d4-4d08-9bed-d2570cf51dd7","exec":["pm.test(\"Status code is 200\", function () {\r","    pm.response.to.have.status(200);\r","});"],"type":"text/javascript"}}],"id":"2e13ecc9-85fe-4613-b4f8-3332a971f30e","protocolProfileBehavior":{"disableBodyPruning":true},"request":{"method":"PATCH","header":[],"body":{"mode":"raw","raw":"{\r\n    \"name\":\"{{$randomProductName}}\"\r\n}","options":{"raw":{"language":"json"}}},"url":{"raw":"{{URL}}:{{PORT}}/projects/:id","host":["{{URL}}"],"port":"{{PORT}}","path":["projects",":id"],"variable":[{"id":"83a18b73-2e2b-4da8-9a93-3a1c6608c1ec","key":"id","value":"{{new_projectID}}"}]}},"response":[]},{"name":"Users Project List","event":[{"listen":"test","script":{"id":"10d70315-9af5-437c-b452-906c14f15d9a","exec":["pm.test(\"Status code is 200\", function () {\r","    pm.response.to.have.status(200);\r","});"],"type":"text/javascript"}}],"id":"51f3fe3a-4952-450f-b95f-191c25c34ddd","protocolProfileBehavior":{"disableBodyPruning":true},"request":{"method":"GET","header":[],"url":{"raw":"{{URL}}:{{PORT}}/users/projects","host":["{{URL}}"],"port":"{{PORT}}","path":["users","projects"]}},"response":[]}],"id":"9e63ef4d-fc3a-4beb-8d74-e9ee88334e03"},{"name":"Sections","item":[{"name":"Create","event":[{"listen":"test","script":{"id":"bc21dae7-f404-4659-87eb-8e932e1689e2","exec":["pm.test(\"Status code is 201\", function () {\r","    pm.response.to.have.status(201);\r","});\r","var jsonData = JSON.parse(responseBody);\r","pm.environment.set(\"new_sectionID\", jsonData._id);"],"type":"text/javascript"}}],"id":"360524d3-5908-40db-9f37-895c284f45df","protocolProfileBehavior":{"disableBodyPruning":true},"request":{"method":"POST","header":[],"body":{"mode":"raw","raw":"{\r\n    \"name\" : \"{{$randomAdjective}}\",\r\n    \"project_id\" : \"{{new_projectID}}\"\r\n}","options":{"raw":{"language":"json"}}},"url":{"raw":"{{URL}}:{{PORT}}/sections","host":["{{URL}}"],"port":"{{PORT}}","path":["sections"]}},"response":[]},{"name":"Read","event":[{"listen":"test","script":{"id":"ef39e5fc-a46a-4fde-8a30-fd9182b78a8c","exec":["pm.test(\"Status code is 200\", function () {\r","    pm.response.to.have.status(200);\r","});"],"type":"text/javascript"}}],"id":"5328aaed-e98b-4bbb-89b4-a6ff03e7f292","protocolProfileBehavior":{"disableBodyPruning":true},"request":{"method":"GET","header":[],"url":{"raw":"{{URL}}:{{PORT}}/sections/:projectId","host":["{{URL}}"],"port":"{{PORT}}","path":["sections",":projectId"],"variable":[{"id":"40f457b8-25f3-4dff-8666-fc306c7aa937","key":"projectId","value":"{{new_projectID}}"}]}},"response":[]},{"name":"Update","event":[{"listen":"test","script":{"id":"e2d77530-f71e-4378-9aea-7c3f2bd6520a","exec":["pm.test(\"Status code is 200\", function () {\r","    pm.response.to.have.status(200);\r","});"],"type":"text/javascript"}}],"id":"90deb096-b095-42f2-bec6-9904fb2478fc","protocolProfileBehavior":{"disableBodyPruning":true},"request":{"method":"PATCH","header":[],"body":{"mode":"raw","raw":"{\r\n    \"name\":\"{{$randomAdjective}}\"\r\n}","options":{"raw":{"language":"json"}}},"url":{"raw":"{{URL}}:{{PORT}}/sections/:id","host":["{{URL}}"],"port":"{{PORT}}","path":["sections",":id"],"variable":[{"id":"d071958d-f8c3-48a3-8c35-0d8756f4bd6b","key":"id","value":"{{new_sectionID}}"}]}},"response":[]}],"id":"73828880-85ec-46b6-a8a4-3db512b5bb0d"},{"name":"Tasks","item":[{"name":"Tasks","item":[{"name":"Create","event":[{"listen":"prerequest","script":{"id":"2bf01a4c-de2f-464d-bf15-9f83a59cf367","exec":[""],"type":"text/javascript"}},{"listen":"test","script":{"id":"37287247-b0d3-4ed3-bd7d-649d7855ea17","exec":["pm.test(\"Status code is 201\", function () {\r","    pm.response.to.have.status(201);\r","});\r","var jsonData = JSON.parse(responseBody);\r","pm.environment.set(\"new_taskID\", jsonData._id);"],"type":"text/javascript"}}],"id":"ee8b7819-e639-439c-8364-ec82fc583a37","protocolProfileBehavior":{"disableBodyPruning":true},"request":{"method":"POST","header":[],"body":{"mode":"raw","raw":"{\r\n    \"title\" : \"Test Task #1\",\r\n    \"description\": \"{{userName}} tarafından oluşturuldu.\",\r\n    \"assigned_to\": \"{{userID}}\",\r\n    \"due_date\" : \"{{$isoTimestamp}}\",\r\n    \"statuses\": [\"$randomVerb\"],\r\n    \"section_id\":\"{{new_sectionID}}\",\r\n    \"project_id\" : \"{{new_projectID}}\",\r\n    \"order\" : -1,\r\n    \"isCompleted\": false\r\n}","options":{"raw":{"language":"json"}}},"url":{"raw":"{{URL}}:{{PORT}}/tasks","host":["{{URL}}"],"port":"{{PORT}}","path":["tasks"]}},"response":[]},{"name":"Update","event":[{"listen":"prerequest","script":{"id":"49931de0-637c-43f7-91d2-712421a663af","exec":[""],"type":"text/javascript"}},{"listen":"test","script":{"id":"e7e57a31-313d-4f28-a4d9-f39f42a4fa59","exec":["pm.test(\"Status code is 200\", function () {\r","    pm.response.to.have.status(200);\r","});"],"type":"text/javascript"}}],"id":"b7dfd256-eb4b-4f6d-972e-338dd8ab8cff","protocolProfileBehavior":{"disableBodyPruning":true},"request":{"method":"PATCH","header":[],"body":{"mode":"raw","raw":"{\r\n    \"title\" : \"{{$randomDepartment}}\",\r\n    \"statuses\": [\"$randomVerb\", \"$randomVerb\"],\r\n    \"isCompleted\": false,\r\n    \"due_date\": \"{{$isoTimestamp}}\",\r\n    \"assigned_to\": \"{{userID}}\",\r\n    \"description\":\"{{userName}} tarafından güncellendi. 2\"\r\n}","options":{"raw":{"language":"json"}}},"url":{"raw":"{{URL}}:{{PORT}}/tasks/:id","host":["{{URL}}"],"port":"{{PORT}}","path":["tasks",":id"],"variable":[{"id":"33e5ae83-01b9-4aa6-8f8f-3cb7dcd02676","key":"id","value":"{{new_taskID}}"}]}},"response":[]}],"id":"2ce4a8f0-bcb1-4113-a1c2-5404bf4765f3"},{"name":"SubTasks","item":[{"name":"Create","event":[{"listen":"test","script":{"id":"63820cfb-5c5b-48e4-882e-446f828e7c50","exec":["pm.test(\"Status code is 200\", function () {\r","    pm.response.to.have.status(200);\r","});\r","var jsonData = JSON.parse(responseBody);\r","const obj = jsonData.doc.sub_tasks.slice(-1)[0];\r","var new_subTaskID = \"\";\r","var sti = \"\";\r","if(typeof(obj) === \"string\"){\r","     new_subTaskID = obj;\r","}else{\r","    sti = JSON.stringify(obj._id);\r","    new_subTaskID = JSON.parse(sti);\r","}\r","\r","pm.environment.set(\"new_subTaskID\", new_subTaskID);"],"type":"text/javascript"}},{"listen":"prerequest","script":{"id":"32ec40b0-d94e-4b3e-b1ba-c9d38399cea9","exec":[""],"type":"text/javascript"}}],"id":"225562fd-87d9-403f-bd9f-cc056a27bcb9","protocolProfileBehavior":{"disableBodyPruning":true},"request":{"method":"POST","header":[],"body":{"mode":"raw","raw":"{\r\n    \"title\" : \"{{$randomDepartment}}\",\r\n    \"section_id\":\"{{new_sectionID}}\",\r\n    \"project_id\" : \"{{new_projectID}}\",\r\n    \"isCompleted\": false,\r\n    \"due_date\": \"{{$isoTimestamp}}\",\r\n    \"assigned_to\": \"{{userID}}\",\r\n    \"description\":\"Bu sub task {{userName}}'a atanmıştır\"\r\n}","options":{"raw":{"language":"json"}}},"url":{"raw":"{{URL}}:{{PORT}}/tasks/:id/sub-task","host":["{{URL}}"],"port":"{{PORT}}","path":["tasks",":id","sub-task"],"variable":[{"id":"76f7a0c4-ba19-4cb4-b88e-fc3aa3db8cfc","key":"id","value":"{{new_taskID}}"}]}},"response":[]},{"name":"Read","event":[{"listen":"test","script":{"id":"ad1f4bd2-dad2-4e85-b6cb-03019fbba6c5","exec":["pm.test(\"Status code is 200\", function () {\r","    pm.response.to.have.status(200);\r","});"],"type":"text/javascript"}}],"id":"e03e2fb3-93ab-4d50-979a-ced09e0e206c","protocolProfileBehavior":{"disableBodyPruning":true},"request":{"method":"GET","header":[],"url":{"raw":"{{URL}}:{{PORT}}/tasks/:id","host":["{{URL}}"],"port":"{{PORT}}","path":["tasks",":id"],"variable":[{"id":"e0c834f2-4cd8-4ad0-88cc-1efde6f5ed6a","key":"id","value":"{{new_subTaskID}}"}]}},"response":[]}],"id":"00a5db9d-2425-4ad6-bfc1-769d6b0c575e"},{"name":"Comments","item":[{"name":"Create","event":[{"listen":"prerequest","script":{"id":"30234506-ab96-4e4f-97ab-bac513fffcf2","exec":[""],"type":"text/javascript"}},{"listen":"test","script":{"id":"1c758686-5102-4314-9c08-9bb1d2f74df9","exec":["pm.test(\"Status code is 200\", function () {\r","    pm.response.to.have.status(200);\r","});\r","var jsonData = JSON.parse(responseBody);\r","myArr = jsonData.doc.comments;\r","let result = myArr.map(a => a._id);\r","pm.environment.set(\"new_commentID\", result.at(-1));"],"type":"text/javascript"}}],"id":"30fb7301-6e30-4204-a0d8-74e66697eb82","protocolProfileBehavior":{"disableBodyPruning":true},"request":{"method":"POST","header":[],"body":{"mode":"raw","raw":"{\r\n    \"comment\" : \"{{$randomPhrase}}\"\r\n}","options":{"raw":{"language":"json"}}},"url":{"raw":"{{URL}}:{{PORT}}/tasks/:id/add-comment","host":["{{URL}}"],"port":"{{PORT}}","path":["tasks",":id","add-comment"],"variable":[{"id":"1c6cbd7e-4fc7-4c22-a414-4fe0ddef17c3","key":"id","value":"{{new_taskID}}"}]}},"response":[]}],"id":"b107ee24-648b-4070-a7b0-bc8d14610f40"}],"id":"a3126a08-85e0-4dc2-9534-d37300d8b24b"},{"name":"Delete Comment","event":[{"listen":"test","script":{"id":"565b80cf-8e43-4422-b9e3-5b9c3909e30c","exec":["pm.test(\"Status code is 200\", function () {\r","    pm.response.to.have.status(200);\r","});\r","pm.environment.unset(\"new_commentID\");"],"type":"text/javascript"}}],"id":"6fda8dff-dd83-440b-9938-40430ed22b5b","protocolProfileBehavior":{"disableBodyPruning":true},"request":{"method":"DELETE","header":[],"url":{"raw":"{{URL}}:{{PORT}}/tasks/:id/:commentId","host":["{{URL}}"],"port":"{{PORT}}","path":["tasks",":id",":commentId"],"variable":[{"id":"ed83a339-fc64-4596-80ab-3156380b6f68","key":"id","value":"{{new_taskID}}"},{"id":"038e29cf-acbf-4b88-b6f1-c809d077495f","key":"commentId","value":"{{new_commentID}}"}]}},"response":[]},{"name":"Delete SubTask","event":[{"listen":"test","script":{"id":"8b7630bc-c958-46f7-93e3-402420aa44e6","exec":["pm.test(\"Status code is 200\", function () {\r","    pm.response.to.have.status(200);\r","});\r","pm.environment.unset(\"new_subTaskID\");"],"type":"text/javascript"}}],"id":"44d24105-04af-41c5-9c6c-21c2ef76082b","protocolProfileBehavior":{"disableBodyPruning":true},"request":{"method":"DELETE","header":[],"url":{"raw":"{{URL}}:{{PORT}}/tasks/:id","host":["{{URL}}"],"port":"{{PORT}}","path":["tasks",":id"],"variable":[{"id":"28349d35-ce25-41c0-be80-c1170880f482","key":"id","value":"{{new_subTaskID}}"}]}},"response":[]},{"name":"Delete Task","event":[{"listen":"test","script":{"id":"4598bfb0-ce9c-4e7b-905c-bd54bee90bd9","exec":["pm.test(\"Status code is 200\", function () {\r","    pm.response.to.have.status(200);\r","});\r","pm.environment.unset(\"new_taskID\");"],"type":"text/javascript"}}],"id":"d86c94b7-6113-42e1-857c-8ecd46a45912","protocolProfileBehavior":{"disableBodyPruning":true},"request":{"method":"DELETE","header":[],"url":{"raw":"{{URL}}:{{PORT}}/tasks/:id","host":["{{URL}}"],"port":"{{PORT}}","path":["tasks",":id"],"variable":[{"id":"39cadb8b-6adb-46d5-aa80-644a427a9665","key":"id","value":"{{new_taskID}}"}]}},"response":[]},{"name":"Delete Section","event":[{"listen":"test","script":{"id":"eb8b797b-21f3-4402-89bd-3a79b81184cf","exec":["pm.test(\"Status code is 200\", function () {\r","    pm.response.to.have.status(200);\r","});\r","pm.environment.unset(\"new_sectionID\");"],"type":"text/javascript"}}],"id":"9367ed74-b38d-4922-a235-c1a89b9742d3","protocolProfileBehavior":{"disableBodyPruning":true},"request":{"method":"DELETE","header":[],"url":{"raw":"{{URL}}:{{PORT}}/sections/:id","host":["{{URL}}"],"port":"{{PORT}}","path":["sections",":id"],"variable":[{"id":"f40b0668-a213-4809-9cd0-1d07b2c78ad5","key":"id","value":"{{new_sectionID}}"}]}},"response":[]},{"name":"Delete Project","event":[{"listen":"test","script":{"id":"e982efdb-cc92-49ab-88ec-6d772a952961","exec":["pm.test(\"Status code is 200\", function () {\r","    pm.response.to.have.status(200);\r","});\r","pm.environment.unset(\"new_projectID\");"],"type":"text/javascript"}}],"id":"8462e305-fe82-4793-abdc-68c281900fba","protocolProfileBehavior":{"disableBodyPruning":true},"request":{"method":"DELETE","header":[],"url":{"raw":"{{URL}}:{{PORT}}/projects/:id","host":["{{URL}}"],"port":"{{PORT}}","path":["projects",":id"],"variable":[{"id":"93cba65b-2de4-49a8-9e87-d2b6b56491ff","key":"id","value":"{{new_projectID}}"}]}},"response":[]},{"name":"Delete User","event":[{"listen":"test","script":{"id":"6ff176e9-c9b1-4fd5-94bc-f09e8a7e5bc3","exec":["pm.test(\"Status code is 200\", function () {\r","    pm.response.to.have.status(200);\r","});\r","pm.environment.unset(\"userID\");\r","pm.environment.unset(\"userEmail\");\r","pm.environment.unset(\"userName\");\r","pm.environment.unset(\"userPass\");\r","pm.environment.unset(\"accessToken\");\r","pm.environment.unset(\"refreshToken\");"],"type":"text/javascript"}}],"id":"8f7d596c-78d9-452e-81e0-69586f1a126b","protocolProfileBehavior":{"disableBodyPruning":true},"request":{"method":"DELETE","header":[],"url":{"raw":"{{URL}}:{{PORT}}/users/:id","host":["{{URL}}"],"port":"{{PORT}}","path":["users",":id"],"variable":[{"key":"id","value":"{{userID}}"}]}},"response":[]}],"auth":{"type":"bearer","bearer":[{"key":"token","value":"{{accessToken}}","type":"string"}]},"event":[{"listen":"prerequest","script":{"id":"601f650f-bdd2-4638-ba92-42a17282171b","type":"text/javascript","exec":[""]}},{"listen":"test","script":{"id":"2d82c38a-d63d-47bd-a116-953b3925f1f4","type":"text/javascript","exec":["pm.test(\"Response time is less than 200ms\", function () {","    pm.expect(pm.response.responseTime).to.be.below(200);","});"]}}]}